{"cameraMode":{"drawMode":1,"name":"Wireframe","section":"Shading Mode"},"sceneLighting":true,"audioPlay":false,"sceneViewState":{"m_AlwaysRefresh":false,"showFog":true,"showSkybox":true,"showFlares":true,"showImageEffects":true,"showParticleSystems":true,"showVisualEffectGraphs":true,"m_FxEnabled":true},"in2DMode":false,"pivot":{"x":0.3809090852737427,"y":0.9050694704055786,"z":-0.1890965700149536},"rotation":{"x":0.2667388916015625,"y":-0.14047491550445558,"z":0.039331745356321338,"w":0.9526712894439697},"size":0.8660253882408142,"orthographic":true}