{"cameraMode":{"drawMode":1,"name":"Wireframe","section":"Shading Mode"},"sceneLighting":true,"audioPlay":false,"sceneViewState":{"m_AlwaysRefresh":false,"showFog":true,"showSkybox":true,"showFlares":true,"showImageEffects":true,"showParticleSystems":true,"showVisualEffectGraphs":true,"m_FxEnabled":true},"in2DMode":false,"pivot":{"x":0.12325717508792877,"y":1.4088329076766968,"z":1.0000004768371583},"rotation":{"x":0.3568755090236664,"y":-0.18361414968967439,"z":0.0717751756310463,"w":0.9133415222167969},"size":0.8660253882408142,"orthographic":false}